CoC Number,CoC Name,CoC Category,"Overall Homeless, 2020","Overall Homeless - Under 18, 2020","Overall Homeless - Age 18 to 24, 2020","Overall Homeless - Over 24, 2020","Overall Homeless - Female, 2020","Overall Homeless - Male, 2020","Overall Homeless - Transgender, 2020","Overall Homeless - Gender Non-Conforming, 2020","Overall Homeless - Non-Hispanic/Non-Latino, 2020","Overall Homeless - Hispanic/Latino, 2020","Overall Homeless - White, 2020","Overall Homeless - Black or African American, 2020","Overall Homeless - Asian, 2020","Overall Homeless - American Indian or Alaska Native, 2020","Overall Homeless - Native Hawaiian or Other Pacific Islander, 2020","Overall Homeless - Multiple Races, 2020","Sheltered Total Homeless, 2020","Unsheltered Homeless, 2020","Overall Homeless Individuals, 2020","Overall Homeless People in Families, 2020","Overall Chronically Homeless, 2020","Sheltered Total Chronically Homeless, 2020","Unsheltered Chronically Homeless, 2020","Overall Homeless Veterans, 2020"
AK-500,Anchorage CoC,Other Largely Urban CoC,"1,058",150,129,779,419,636,2,1,996,62,297,108,9,477,37,130,"1,003",55,816,242,141,126,15,42
AK-501,Alaska Balance of State CoC,Largely Rural CoC,891,176,68,647,409,478,1,3,827,64,337,29,13,413,3,96,722,169,629,262,216,142,74,52
AL-500,"Birmingham/Jefferson, St. Clair, Shelby Counties CoC",Largely Suburban CoC,848,92,54,702,296,551,1,0,826,22,309,508,2,8,2,19,601,247,709,139,150,95,55,120
AL-501,Mobile City & County/Baldwin County CoC,Other Largely Urban CoC,631,107,24,500,244,385,2,0,623,8,225,384,0,6,1,15,267,364,470,161,71,6,65,66
AL-502,Florence/Northwest Alabama CoC,Largely Rural CoC,215,61,11,143,91,67,1,0,154,50,150,50,0,3,1,0,174,41,96,119,18,11,7,13
AL-503,Huntsville/North Alabama CoC,Other Largely Urban CoC,561,99,25,437,227,331,3,0,540,21,286,240,0,5,4,26,406,155,418,143,139,76,63,45
AL-504,Montgomery City & County CoC,Other Largely Urban CoC,351,43,11,297,115,236,0,0,347,4,95,245,0,3,3,5,275,76,285,66,74,58,16,61
AL-505,Gadsden/Northeast Alabama CoC,Largely Rural CoC,280,23,19,238,106,172,0,2,272,8,181,88,0,9,0,2,82,198,243,37,41,20,21,13
AL-506,Tuscaloosa City & County CoC,Other Largely Urban CoC,67,6,7,54,16,47,2,2,61,6,24,39,0,0,0,4,41,26,57,10,0,0,0,6
AL-507,Alabama Balance of State CoC,Largely Rural CoC,398,97,47,254,199,199,0,0,391,7,192,201,0,3,0,2,206,192,219,179,10,5,5,5
AR-500,Little Rock/Central Arkansas CoC,Other Largely Urban CoC,"1,186",79,78,"1,029",360,822,2,2,"1,158",28,528,613,1,9,5,30,613,573,"1,071",115,272,52,220,121
AR-501,Fayetteville/Northwest Arkansas CoC,Other Largely Urban CoC,352,41,31,280,133,216,3,0,340,12,276,37,1,29,9,0,197,155,309,43,98,53,45,33
AR-503,Arkansas  Balance of State  CoC,Largely Rural CoC,773,62,141,570,276,497,0,0,761,12,514,233,2,4,7,13,228,545,662,111,128,7,121,34
AR-505,Southeast Arkansas CoC,Largely Rural CoC,55,13,8,34,29,26,0,0,54,1,35,18,0,0,0,2,55,0,31,24,16,16,0,0
AZ-500,Arizona Balance of State CoC,Largely Rural CoC,"2,236",324,181,"1,731",936,"1,280",11,9,"1,843",393,"1,460",132,22,364,6,252,"1,061","1,175","1,703",533,651,100,551,242
AZ-501,Tucson/Pima County CoC,Major City CoC,"1,324",155,113,"1,056",410,898,13,3,877,447,900,182,9,120,14,99,745,579,"1,058",266,383,136,247,185
AZ-502,"Phoenix, Mesa/Maricopa County CoC",Major City CoC,"7,419","1,243",530,"5,646","2,882","4,516",19,2,"5,904","1,515","4,541","1,975",46,543,40,274,"3,652","3,767","5,519","1,900","1,052",340,712,494
CA-500,San Jose/Santa Clara City & County CoC,Major City CoC,"9,605",731,"1,651","7,223","3,425","5,963",173,44,"5,549","4,056","4,101","1,856",355,791,144,"2,358","1,683","7,922","8,802",803,"2,526",431,"2,095",613
CA-501,San Francisco CoC,Major City CoC,"8,124",365,"1,157","6,602","2,756","4,958",294,116,"6,364","1,760","2,845","3,083",402,327,153,"1,314","2,944","5,180","7,609",515,"2,837",929,"1,908",699
CA-502,"Oakland, Berkeley/Alameda County CoC",Major City CoC,"8,137",309,781,"7,047","2,840","5,014",120,163,"6,676","1,461","2,586","3,831",142,295,124,"1,159","1,825","6,312","7,646",491,"2,437",818,"1,619",722
CA-503,Sacramento City & County CoC,Major City CoC,"5,511",703,439,"4,369","2,012","3,444",31,24,"4,534",977,"2,566","1,829",60,405,128,523,"1,611","3,900","4,363","1,148","1,727",505,"1,222",646
CA-504,"Santa Rosa, Petaluma/Sonoma County CoC",Other Largely Urban CoC,"2,745",201,305,"2,239",740,"1,995",9,1,"2,066",679,"1,744",155,34,240,41,531,"1,043","1,702","2,510",235,562,221,341,139
CA-505,Richmond/Contra Costa County CoC,Largely Suburban CoC,"2,277",154,107,"2,016",788,"1,483",4,2,"1,752",525,"1,227",674,51,179,17,129,707,"1,570","2,016",261,699,180,519,117
CA-506,"Salinas/Monterey, San Benito Counties CoC",Largely Rural CoC,"2,683",374,346,"1,963",941,"1,738",4,0,"1,344","1,339","1,749",279,50,37,30,538,685,"1,998","2,012",671,603,64,539,199
CA-507,Marin County CoC,Largely Suburban CoC,"1,032",102,103,827,330,698,4,0,814,218,674,177,26,37,14,104,324,708,877,155,251,80,171,101
CA-508,Watsonville/Santa Cruz City & County CoC,Largely Suburban CoC,"2,256",296,597,"1,363",754,"1,500",2,0,"1,513",743,"1,521",170,20,216,29,300,556,"1,700","1,820",436,445,165,280,159
CA-509,Mendocino County CoC,Largely Rural CoC,751,33,76,642,260,489,2,0,704,47,516,14,5,191,9,16,176,575,693,58,99,38,61,12
CA-510,"Turlock, Modesto/Stanislaus County CoC",Largely Suburban CoC,"2,107",207,144,"1,756",727,"1,369",4,7,"1,501",606,"1,640",248,35,72,26,86,"1,020","1,087","1,742",365,336,127,209,110
CA-511,Stockton/San Joaquin County CoC,Largely Suburban CoC,"2,677",337,144,"2,196",939,"1,736",2,0,"1,849",828,"1,776",632,67,29,49,124,"1,119","1,558","2,160",517,742,145,597,148
CA-512,Daly/San Mateo County CoC,Largely Suburban CoC,"1,572",255,55,"1,262",525,"1,044",3,0,968,604,"1,081",212,32,89,45,113,671,901,"1,132",440,363,111,252,66
CA-513,"Visalia/Kings, Tulare Counties CoC",Largely Suburban CoC,"1,297",121,76,"1,100",539,755,2,1,714,583,"1,061",111,10,80,14,21,360,937,"1,105",192,529,10,519,75
CA-514,Fresno City & County/Madera County CoC,Major City CoC,"3,641",351,162,"3,128","1,285","2,330",14,12,"1,743","1,898","2,146",669,64,347,37,378,960,"2,681","3,094",547,645,145,500,377
CA-515,"Roseville, Rocklin/Placer County CoC",Largely Suburban CoC,744,82,38,624,261,478,4,1,641,103,597,63,9,35,3,37,339,405,613,131,276,90,186,73
CA-516,"Redding/Shasta, Siskiyou, Lassen, Plumas, Del Norte, Modoc, Sierra Counties CoC",Largely Rural CoC,"1,529",152,136,"1,241",566,952,6,5,"1,354",175,"1,139",52,14,185,16,123,506,"1,023","1,234",295,430,54,376,129
CA-517,Napa City & County CoC,Other Largely Urban CoC,464,15,54,395,130,332,2,0,378,86,350,18,6,31,11,48,161,303,442,22,202,54,148,60
CA-518,Vallejo/Solano County CoC,Largely Suburban CoC,"1,162",49,212,901,309,851,2,0,988,174,470,414,20,36,59,163,230,932,"1,087",75,232,91,141,135
CA-519,"Chico, Paradise/Butte County CoC",Largely Rural CoC,"1,274",108,81,"1,085",465,803,3,3,"1,104",170,"1,020",75,6,80,10,83,436,838,"1,104",170,278,95,183,86
CA-520,Merced City & County CoC,Largely Suburban CoC,636,69,23,544,223,413,0,0,379,257,372,57,74,22,4,107,323,313,527,109,194,49,145,10
CA-521,"Davis, Woodland/Yolo County CoC",Largely Suburban CoC,641,72,39,530,220,417,3,1,450,191,467,100,1,23,9,41,244,397,529,112,175,40,135,40
CA-522,Humboldt County CoC,Largely Rural CoC,"1,701",74,80,"1,547",266,"1,430",1,4,"1,621",80,"1,492",42,5,146,12,4,299,"1,402","1,585",116,523,127,396,58
CA-523,"Colusa, Glenn, Trinity Counties CoC",Largely Rural CoC,261,61,13,187,121,140,0,0,236,25,236,1,1,22,1,0,111,150,163,98,44,2,42,18
CA-524,Yuba City & County/Sutter County CoC,Largely Suburban CoC,721,95,23,603,318,398,4,1,611,110,558,47,9,43,6,58,202,519,558,163,231,34,197,37
CA-525,El Dorado County CoC,Largely Suburban CoC,663,87,99,477,246,404,6,7,492,171,603,35,2,8,1,14,183,480,525,138,107,2,105,46
CA-526,"Amador, Calaveras, Mariposa, Tuolumne Counties CoC",Largely Rural CoC,834,84,72,678,336,498,0,0,768,66,729,10,5,51,3,36,147,687,685,149,252,9,243,63
CA-527,Tehama County CoC,Largely Rural CoC,300,37,23,240,120,180,0,0,249,51,257,10,1,19,1,12,85,215,240,60,124,14,110,16
CA-529,Lake County CoC,Largely Rural CoC,357,10,13,334,138,219,0,0,327,30,296,13,2,0,0,46,21,336,337,20,54,3,51,55
CA-530,"Alpine, Inyo, Mono Counties CoC",Largely Rural CoC,184,17,27,140,64,120,0,0,147,37,163,1,1,14,1,4,22,162,155,29,31,0,31,16
CA-531,Nevada County CoC,Largely Rural CoC,387,13,30,344,116,269,0,2,355,32,341,3,0,17,4,22,136,251,359,28,112,24,88,33
CA-600,Los Angeles City & County CoC,Major City CoC,"63,706","7,491","4,181","52,034","20,300","42,387",842,177,"40,701","23,005","29,236","28,998","1,168","1,449",397,"2,458","17,616","46,090","51,290","12,416","24,482","2,425","22,057","3,681"
CA-601,San Diego City and County CoC,Major City CoC,"7,638",784,554,"6,300","2,435","5,136",19,48,"5,443","2,195","5,057","1,904",115,157,102,303,"3,667","3,971","6,422","1,216","1,519",854,665,940
CA-602,"Santa Ana, Anaheim/Orange County CoC",Largely Suburban CoC,"6,978",933,280,"5,765","2,555","4,408",8,7,"4,423","2,555","5,094",767,224,201,114,578,"3,017","3,961","5,499","1,479","2,810",853,"1,957",342
CA-603,Santa Maria/Santa Barbara County CoC,Largely Suburban CoC,"1,897",192,102,"1,603",699,"1,193",3,2,"1,178",719,"1,582",126,16,92,15,66,674,"1,223","1,582",315,620,193,427,210
CA-604,Bakersfield/Kern County CoC,Other Largely Urban CoC,"1,580",142,89,"1,349",482,"1,090",7,1,"1,024",556,"1,131",277,9,63,8,92,576,"1,004","1,360",220,4,0,4,108
CA-606,Long Beach CoC,Major City CoC,"2,034",165,65,"1,804",588,"1,422",5,19,"1,380",654,992,804,73,37,60,68,452,"1,582","1,771",263,694,99,595,175
CA-607,Pasadena CoC,Other Largely Urban CoC,527,42,25,460,172,351,3,1,333,194,294,193,11,10,1,18,233,294,454,73,275,119,156,38
CA-608,Riverside City & County CoC,Largely Suburban CoC,"2,884",170,349,"2,365",961,"1,913",3,7,"1,847","1,037","2,031",624,38,91,28,72,729,"2,155","2,643",241,"1,007",129,878,233
CA-609,San Bernardino City & County CoC,Largely Suburban CoC,"3,125",267,212,"2,646","1,057","2,049",4,15,"2,091","1,034","1,784",741,24,74,20,482,735,"2,390","2,744",381,760,61,699,234
CA-611,"Oxnard, San Buenaventura/Ventura County CoC",Other Largely Urban CoC,"1,787",130,104,"1,553",568,"1,207",6,6,741,"1,046","1,380",115,25,44,10,213,522,"1,265","1,574",213,429,84,345,117
CA-612,Glendale CoC,Other Largely Urban CoC,169,42,7,120,69,99,1,0,95,74,116,24,4,8,1,16,94,75,104,65,38,14,24,8
CA-613,Imperial County CoC,Largely Suburban CoC,"1,527",92,154,"1,281",414,"1,085",0,28,"1,120",407,"1,405",61,11,42,8,0,193,"1,334","1,364",163,750,20,730,112
CA-614,San Luis Obispo County CoC,Largely Suburban CoC,"1,423",127,163,"1,133",445,977,1,0,"1,015",408,"1,014",95,13,51,19,231,251,"1,172","1,240",183,331,82,249,145
CO-500,Colorado Balance of State CoC,Largely Rural CoC,"1,638",160,163,"1,315",491,"1,134",8,5,"1,312",326,"1,282",95,4,120,17,120,840,798,"1,385",253,579,167,412,191
CO-503,Metropolitan Denver CoC,Major City CoC,"6,104",853,394,"4,857","1,952","4,087",38,27,"4,622","1,482","3,612","1,417",37,339,92,607,"4,543","1,561","4,658","1,446","1,867",921,946,627
CO-504,Colorado Springs/El Paso County CoC,Major City CoC,"1,339",243,120,976,481,853,5,0,"1,102",237,881,268,6,44,8,132,981,358,945,394,284,142,142,157
CO-505,"Fort Collins, Greeley, Loveland/Larimer, Weld Counties CoC",Other Largely Urban CoC,765,108,57,600,274,488,2,1,529,236,636,28,4,24,19,54,569,196,591,174,224,118,106,69
CT-503,"Bridgeport, Stamford, Norwalk, Danbury/Fairfield County CoC",Other Largely Urban CoC,697,149,48,500,262,431,2,2,458,239,342,291,3,9,0,52,640,57,457,240,44,30,14,44
CT-505,Connecticut Balance of State CoC,Largely Suburban CoC,"2,208",436,160,"1,612",845,"1,354",4,5,"1,600",608,"1,177",774,13,25,10,209,"1,940",268,"1,516",692,133,97,36,155
DC-500,District of Columbia CoC,Major City CoC,"6,380","1,432",548,"4,400","2,577","3,746",48,9,"5,823",557,506,"5,618",38,26,20,172,"5,727",653,"3,949","2,431","1,452","1,067",385,302
DE-500,Delaware Statewide CoC,Largely Suburban CoC,"1,165",266,71,828,463,701,0,1,"1,064",101,412,678,3,7,1,64,"1,015",150,737,428,267,211,56,78
FL-500,"Sarasota, Bradenton/Manatee, Sarasota Counties CoC",Largely Suburban CoC,"1,044",131,70,843,344,700,0,0,928,116,762,245,5,7,1,24,681,363,845,199,188,71,117,105
FL-501,Tampa/Hillsborough County CoC,Major City CoC,"1,452",244,63,"1,145",508,940,1,3,"1,215",237,690,685,12,38,9,18,840,612,"1,073",379,266,58,208,160
FL-502,"St. Petersburg, Clearwater, Largo/Pinellas County CoC",Other Largely Urban CoC,"2,226",230,119,"1,877",684,"1,539",3,0,"2,056",170,"1,380",719,8,24,9,86,"1,418",808,"1,876",350,592,213,379,265
FL-503,"Lakeland, Winterhaven/Polk County CoC",Largely Suburban CoC,612,105,32,475,214,397,0,1,541,71,362,198,4,22,1,25,422,190,452,160,78,33,45,44
FL-504,"Deltona, Daytona Beach/Volusia, Flagler Counties CoC",Largely Suburban CoC,904,171,66,667,369,533,2,0,622,282,579,272,2,12,0,39,451,453,604,300,76,21,55,73
FL-505,"Fort Walton Beach/Okaloosa, Walton Counties CoC",Largely Suburban CoC,351,33,18,300,127,222,1,1,334,17,264,61,3,12,2,9,96,255,295,56,183,18,165,31
FL-506,Tallahassee/Leon County CoC,Other Largely Urban CoC,805,160,49,596,293,507,2,3,778,27,279,485,4,5,3,29,696,109,590,215,192,135,57,83
FL-507,"Orlando/Orange, Osceola, Seminole Counties CoC",Largely Suburban CoC,"2,007",409,128,"1,470",758,"1,242",7,0,"1,663",344,829,"1,051",5,15,7,100,"1,548",459,"1,350",657,489,275,214,190
FL-508,"Gainesville/Alachua, Putnam Counties CoC",Largely Rural CoC,880,115,45,720,300,568,10,2,827,53,491,316,5,20,2,46,279,601,717,163,225,18,207,155
FL-509,"Fort Pierce/St. Lucie, Indian River, Martin Counties CoC",Largely Suburban CoC,"1,379",368,76,935,574,803,2,0,"1,226",153,814,489,7,13,3,53,188,"1,191",809,570,45,0,45,68
FL-510,"Jacksonville-Duval, Clay Counties CoC",Major City CoC,"1,366",193,118,"1,055",489,876,0,1,"1,260",106,534,770,7,10,7,38,915,451,991,375,71,56,15,177
FL-511,"Pensacola/Escambia, Santa Rosa Counties CoC",Largely Suburban CoC,746,48,44,654,228,517,1,0,705,41,462,260,5,10,0,9,372,374,671,75,184,33,151,89
FL-512,St. Johns County CoC,Largely Suburban CoC,367,60,38,269,162,205,0,0,346,21,274,72,3,4,1,13,162,205,270,97,43,7,36,26
FL-513,"Palm Bay, Melbourne/Brevard County CoC",Largely Suburban CoC,940,142,45,753,294,645,1,0,883,57,706,186,2,5,1,40,366,574,718,222,245,5,240,119
FL-514,Ocala/Marion County CoC,Largely Suburban CoC,523,115,21,387,206,317,0,0,491,32,330,170,1,3,1,18,373,150,362,161,130,78,52,80
FL-515,"Panama City/Bay, Jackson Counties CoC",Largely Rural CoC,385,27,24,334,122,263,0,0,369,16,292,78,0,10,1,4,136,249,346,39,43,7,36,18
FL-517,"Hendry, Hardee, Highlands Counties CoC",Largely Rural CoC,403,135,48,220,162,241,0,0,262,141,230,134,1,17,0,21,48,355,260,143,98,2,96,18
FL-518,"Columbia, Hamilton, Lafayette, Suwannee Counties CoC",Largely Rural CoC,578,138,39,401,229,349,0,0,567,11,262,276,2,10,0,28,84,494,373,205,65,1,64,39
FL-519,Pasco County CoC,Largely Suburban CoC,898,126,58,714,327,565,2,4,831,67,772,82,3,6,1,34,210,688,687,211,265,63,202,92
FL-520,"Citrus, Hernando, Lake, Sumter Counties CoC",Largely Suburban CoC,703,115,72,516,322,380,1,0,636,67,506,147,4,8,0,38,279,424,523,180,58,4,54,28
FL-600,Miami-Dade County CoC,Major City CoC,"3,560",848,166,"2,546","1,278","2,272",9,1,"2,283","1,277","1,491","2,016",16,10,3,24,"2,540","1,020","2,261","1,299",524,351,173,163
FL-601,Ft Lauderdale/Broward County CoC,Largely Suburban CoC,"2,211",288,101,"1,822",706,"1,497",4,4,"1,993",218,823,"1,323",15,17,14,19,"1,227",984,"1,776",435,654,269,385,157
FL-602,Punta Gorda/Charlotte County CoC,Largely Suburban CoC,169,18,7,144,58,111,0,0,158,11,141,18,0,3,0,7,93,76,137,32,23,6,17,51
FL-603,"Ft Myers, Cape Coral/Lee County CoC",Largely Suburban CoC,444,86,16,342,186,258,0,0,373,71,291,142,0,5,1,5,233,211,308,136,93,7,86,17
FL-604,Monroe County CoC,Largely Rural CoC,421,22,20,379,96,322,3,0,339,82,347,52,1,9,0,12,243,178,397,24,31,27,4,61
FL-605,West Palm Beach/Palm Beach County CoC,Largely Suburban CoC,"1,510",182,102,"1,226",480,"1,026",2,2,"1,335",175,716,710,7,19,6,52,480,"1,030","1,234",276,241,21,220,100
FL-606,Naples/Collier County CoC,Largely Suburban CoC,603,128,3,472,227,375,1,0,421,182,475,85,6,14,0,23,435,168,419,184,80,38,42,27
GA-500,Atlanta CoC,Major City CoC,"3,240",295,176,"2,769",847,"2,364",26,3,"3,127",113,294,"2,846",11,17,11,61,"2,301",939,"2,791",449,542,249,293,322
GA-501,Georgia Balance of State CoC,Largely Rural CoC,"4,349",867,248,"3,234","1,856","2,400",5,88,"4,092",257,"1,901","2,207",37,27,8,169,"2,087","2,262","2,987","1,362",256,67,189,295
GA-502,Fulton County CoC,Largely Suburban CoC,276,103,12,161,153,123,0,0,259,17,43,226,0,3,0,4,198,78,109,167,10,6,4,9
GA-503,Athens-Clarke County CoC,Other Largely Urban CoC,210,38,6,166,80,127,3,0,202,8,96,103,0,5,0,6,143,67,153,57,51,16,35,6
GA-504,Augusta-Richmond County CoC,Other Largely Urban CoC,470,58,12,400,136,316,2,16,395,75,135,305,0,1,0,29,188,282,419,51,95,30,65,42
GA-505,Columbus-Muscogee CoC,Other Largely Urban CoC,249,33,12,204,117,130,2,0,245,4,107,132,0,1,1,8,208,41,201,48,29,19,10,21
GA-506,Marietta/Cobb County CoC,Largely Suburban CoC,424,99,13,312,191,232,1,0,402,22,143,254,1,5,0,21,297,127,275,149,61,12,49,30
GA-507,Savannah/Chatham County CoC,Other Largely Urban CoC,672,61,40,571,198,469,5,0,663,9,266,390,3,4,1,8,452,220,592,80,294,74,220,22
GA-508,DeKalb County CoC,Largely Suburban CoC,344,113,11,220,165,179,0,0,329,15,46,245,40,1,0,12,204,140,169,175,36,0,36,17
GU-500,Guam CoC,Largely Rural CoC,790,291,81,418,357,431,2,0,771,19,21,3,14,1,727,24,108,682,276,514,84,0,84,21
HI-500,Hawaii Balance of State CoC,Largely Rural CoC,"2,010",369,125,"1,516",863,"1,140",0,7,"1,716",294,644,53,117,41,549,606,706,"1,304","1,341",669,709,120,589,132
HI-501,Honolulu City and County CoC,Largely Suburban CoC,"4,448",732,271,"3,445","1,658","2,734",36,20,"3,807",641,825,242,447,42,"1,611","1,281","2,102","2,346","3,227","1,221",969,301,668,353
IA-500,"Sioux City/Dakota, Woodbury Counties CoC",Other Largely Urban CoC,305,78,15,212,95,210,0,0,276,29,137,58,8,83,3,16,288,17,192,113,34,28,6,12
IA-501,Iowa Balance of State CoC,Largely Rural CoC,"1,696",393,150,"1,153",701,986,8,1,"1,585",111,"1,169",407,5,29,5,81,"1,510",186,"1,125",571,220,203,17,83
IA-502,Des Moines/Polk County CoC,Other Largely Urban CoC,646,64,35,547,197,446,1,2,603,43,454,131,6,9,1,45,516,130,535,111,114,59,55,59
ID-500,Boise/Ada County CoC,Other Largely Urban CoC,647,64,30,553,186,459,2,0,588,59,553,34,6,22,5,27,564,83,542,105,129,85,44,100
ID-501,Idaho Balance of State CoC,Largely Rural CoC,"1,668",528,119,"1,021",849,817,1,1,"1,313",355,"1,351",18,7,208,12,72,708,960,778,890,235,55,180,78
IL-500,McHenry County CoC,Largely Suburban CoC,155,35,16,104,64,90,1,0,141,14,103,43,0,2,2,5,154,1,108,47,14,13,1,24
IL-501,"Rockford/DeKalb, Winnebago, Boone Counties CoC",Largely Suburban CoC,465,113,35,317,212,253,0,0,423,42,199,240,1,2,0,23,420,45,297,168,37,26,11,22
IL-502,"Waukegan, North Chicago/Lake County CoC",Largely Suburban CoC,292,95,16,181,146,146,0,0,240,52,139,138,4,1,0,10,258,34,150,142,24,17,7,8
IL-503,"Champaign, Urbana, Rantoul/Champaign County CoC",Other Largely Urban CoC,140,29,15,96,59,80,1,0,137,3,47,84,0,1,0,8,128,12,95,45,25,20,5,8
IL-504,Madison County CoC,Largely Suburban CoC,79,18,8,53,40,39,0,0,77,2,58,20,0,0,0,1,47,32,49,30,16,2,14,4
IL-506,"Joliet, Bolingbrook/Will County CoC",Largely Suburban CoC,276,48,10,218,116,160,0,0,204,72,191,78,1,4,0,2,234,42,170,106,24,15,9,0
IL-507,"Peoria, Pekin/Fulton, Tazewell, Peoria, Woodford Counties CoC",Largely Suburban CoC,311,30,27,254,112,199,0,0,301,10,197,93,4,0,3,14,274,37,255,56,59,50,9,25
IL-508,"East St. Louis, Belleville/St. Clair County CoC",Largely Suburban CoC,298,98,14,186,160,138,0,0,297,1,49,237,1,4,0,7,162,136,139,159,37,7,30,21
IL-510,Chicago CoC,Major City CoC,"5,390","1,134",495,"3,761","2,051","3,320",17,2,"4,777",613,"1,088","4,148",61,46,10,37,"3,861","1,529","3,668","1,722","1,521",675,846,487
IL-511,Cook County CoC,Largely Suburban CoC,846,180,75,591,343,502,1,0,741,105,321,469,7,5,5,39,728,118,554,292,174,137,37,36
IL-512,Bloomington/Central Illinois CoC,Largely Rural CoC,408,95,53,260,190,218,0,0,399,9,198,200,1,2,0,7,356,52,271,137,71,47,24,28
IL-513,Springfield/Sangamon County CoC,Other Largely Urban CoC,294,54,27,213,115,175,3,1,281,13,160,114,1,3,1,15,251,43,216,78,73,57,16,22
IL-514,DuPage County CoC,Largely Suburban CoC,328,83,62,183,160,161,7,0,285,43,168,137,3,0,0,20,318,10,191,137,50,49,1,8
IL-515,South Central Illinois CoC,Largely Rural CoC,123,35,14,74,59,64,0,0,123,0,109,9,0,2,0,3,91,32,62,61,10,1,9,2
IL-516,Decatur/Macon County CoC,Other Largely Urban CoC,135,12,10,113,55,80,0,0,135,0,80,51,0,1,0,3,112,23,118,17,28,18,10,12
IL-517,"Aurora, Elgin/Kane County CoC",Largely Suburban CoC,410,58,23,329,190,219,1,0,292,118,247,137,4,4,0,18,345,65,323,87,101,88,13,14
IL-518,"Rock Island, Moline/Northwestern Illinois CoC",Largely Rural CoC,135,29,15,91,64,71,0,0,121,14,66,57,6,0,0,6,117,18,86,49,16,12,4,5
IL-519,West Central Illinois CoC,Largely Rural CoC,113,15,22,76,57,55,1,0,106,7,82,28,1,0,0,2,110,3,88,25,3,3,0,2
IL-520,Southern Illinois CoC,Largely Rural CoC,233,51,21,161,107,126,0,0,222,11,169,50,1,5,0,8,187,46,155,78,22,22,0,8
IN-502,Indiana Balance of State CoC,Largely Rural CoC,"4,037",771,286,"2,980","1,728","2,293",9,7,"3,764",273,"2,824",919,22,46,14,212,"3,257",780,"2,841","1,196",271,271,0,309
IN-503,Indianapolis CoC,Major City CoC,"1,588",207,66,"1,315",454,"1,127",7,0,"1,514",74,668,864,15,4,7,30,"1,402",186,"1,276",312,132,68,64,221
KS-502,Wichita/Sedgwick County CoC,Other Largely Urban CoC,619,94,41,484,165,454,0,0,542,77,375,173,13,32,1,25,558,61,475,144,48,25,23,58
KS-503,Topeka/Shawnee County CoC,Other Largely Urban CoC,467,68,14,385,200,266,0,1,430,37,258,82,1,13,0,113,375,92,362,105,163,96,67,37
KS-505,"Overland Park, Shawnee/Johnson County CoC",Largely Suburban CoC,180,66,9,105,88,91,1,0,168,12,79,72,0,1,0,28,156,24,71,109,19,11,8,3
KS-507,Kansas Balance of State CoC,Largely Rural CoC,943,156,118,669,374,569,0,0,832,111,674,123,1,49,1,95,720,223,637,306,109,44,65,63
KY-500,Kentucky Balance of State CoC,Largely Rural CoC,"2,220",328,162,"1,730",958,"1,258",3,1,"2,166",54,"1,892",265,3,10,5,45,"1,464",756,"1,705",515,308,181,127,153
KY-501,Louisville-Jefferson County CoC,Major City CoC,"1,102",178,84,840,434,666,2,0,"1,055",47,500,525,11,5,1,60,961,141,834,268,269,215,54,157
KY-502,Lexington-Fayette County CoC,Other Largely Urban CoC,689,75,22,592,215,469,3,2,654,35,434,206,5,7,14,23,658,31,577,112,89,80,9,89
LA-500,Lafayette/Acadiana CoC,Largely Rural CoC,417,72,27,318,124,293,0,0,407,10,156,240,6,3,0,12,234,183,311,106,112,38,74,30
LA-502,"Shreveport, Bossier/Northwest Louisiana CoC",Other Largely Urban CoC,298,67,15,216,114,183,0,1,296,2,105,182,2,1,1,7,256,42,195,103,55,38,17,87
LA-503,New Orleans/Jefferson Parish CoC,Major City CoC,"1,314",100,144,"1,070",344,958,10,2,"1,265",49,432,852,10,16,3,1,759,555,"1,161",153,113,57,56,113
LA-505,Monroe/Northeast Louisiana CoC,Largely Rural CoC,162,28,23,111,67,95,0,0,161,1,56,103,0,1,1,1,122,40,120,42,21,11,10,7
LA-506,Slidell/Southeast Louisiana CoC,Largely Suburban CoC,118,7,1,110,36,82,0,0,113,5,75,32,0,2,0,9,84,34,106,12,12,5,7,36
LA-507,Alexandria/Central Louisiana CoC,Largely Rural CoC,107,16,10,81,33,74,0,0,107,0,73,33,0,0,0,1,91,16,82,25,13,5,8,14
LA-509,Louisiana Balance of State CoC,Largely Suburban CoC,757,106,55,596,249,507,1,0,736,21,268,466,3,6,0,14,474,283,616,141,111,50,61,91
MA-500,Boston CoC,Major City CoC,"6,134","2,360",470,"3,304","3,026","3,090",14,4,"3,981","2,153","2,115","3,186",94,33,57,649,"5,999",135,"2,169","3,965",683,662,21,341
MA-502,Lynn CoC,Largely Suburban CoC,"1,040",604,90,346,612,428,0,0,884,156,608,311,5,4,5,107,"1,027",13,32,"1,008",79,73,6,0
MA-503,Cape Cod Islands CoC,Largely Suburban CoC,336,85,22,229,172,164,0,0,300,36,252,61,3,5,0,15,286,50,175,161,56,20,36,9
MA-504,Springfield/Hampden County CoC,Largely Suburban CoC,"2,257","1,140",181,936,"1,202","1,054",1,0,961,"1,296","1,702",525,3,3,1,23,"2,153",104,447,"1,810",139,104,35,13
MA-505,New Bedford CoC,Largely Suburban CoC,398,133,31,234,188,210,0,0,279,119,230,108,1,7,0,52,350,48,201,197,46,33,13,39
MA-506,Worcester City & County CoC,Largely Suburban CoC,"1,401",472,126,803,674,720,6,1,845,556,"1,059",293,14,6,2,27,"1,212",189,628,773,169,110,59,103
MA-507,"Pittsfield/Berkshire, Franklin, Hampshire Counties CoC",Largely Suburban CoC,591,92,41,458,191,397,3,0,483,108,458,78,3,3,4,45,490,101,456,135,79,25,54,170
MA-509,Cambridge CoC,Other Largely Urban CoC,501,71,58,372,169,327,2,3,407,94,268,199,8,2,2,22,438,63,367,134,216,174,42,10
MA-510,"Gloucester, Haverhill, Salem/Essex County CoC",Largely Suburban CoC,670,255,37,378,334,336,0,0,460,210,495,143,7,5,0,20,610,60,237,433,110,90,20,34
MA-511,"Quincy, Brockton, Weymouth, Plymouth City and County CoC",Largely Suburban CoC,"1,079",398,80,601,517,560,2,0,895,184,484,475,13,4,1,102,"1,049",30,385,694,198,181,17,47
MA-515,Fall River CoC,Largely Suburban CoC,357,148,18,191,182,175,0,0,239,118,253,83,5,1,0,15,298,59,121,236,73,28,45,6
MA-516,Massachusetts Balance of State CoC,Largely Suburban CoC,"2,961","1,219",233,"1,509","1,500","1,452",5,4,"1,863","1,098","1,835",975,41,13,15,82,"2,547",414,958,"2,003",181,181,0,62
MA-519,"Attleboro, Taunton/Bristol County CoC",Largely Suburban CoC,250,115,17,118,124,126,0,0,193,57,144,101,1,0,0,4,222,28,57,193,13,6,7,2
MD-500,Cumberland/Allegany County CoC,Largely Suburban CoC,103,26,7,70,36,67,0,0,98,5,87,14,0,0,0,2,91,12,56,47,12,9,3,3
MD-501,Baltimore CoC,Major City CoC,"2,193",245,80,"1,868",782,"1,399",11,1,"2,116",77,548,"1,561",14,19,8,43,"1,895",298,"1,824",369,586,387,199,235
MD-502,Harford County CoC,Largely Suburban CoC,166,57,5,104,86,79,0,1,150,16,74,78,0,3,0,11,153,13,82,84,15,13,2,8
MD-503,Annapolis/Anne Arundel County CoC,Largely Suburban CoC,319,50,20,249,120,197,2,0,310,9,158,132,3,2,0,24,229,90,233,86,54,28,26,18
MD-504,Howard County CoC,Largely Suburban CoC,139,36,9,94,60,79,0,0,123,16,42,70,1,2,0,24,99,40,85,54,30,17,13,6
MD-505,Baltimore County CoC,Largely Suburban CoC,712,202,40,470,324,387,1,0,686,26,240,428,8,11,5,20,496,216,378,334,188,85,103,27
MD-506,Carroll County CoC,Largely Suburban CoC,130,9,9,112,53,75,2,0,129,1,109,15,0,3,0,3,107,23,111,19,28,20,8,8
MD-507,Cecil County CoC,Largely Suburban CoC,117,31,5,81,43,74,0,0,114,3,68,45,0,1,0,3,110,7,69,48,16,9,7,39
MD-508,"Charles, Calvert, St.Mary's Counties CoC",Largely Suburban CoC,399,96,27,276,181,209,9,0,396,3,132,244,4,3,2,14,247,152,243,156,109,23,86,17
MD-509,Frederick City & County CoC,Largely Suburban CoC,299,42,21,236,101,192,0,6,262,37,188,91,4,3,1,12,249,50,229,70,198,154,44,6
MD-510,Garrett County CoC,Largely Rural CoC,21,3,4,14,13,8,0,0,21,0,20,0,0,1,0,0,19,2,16,5,1,0,1,2
MD-511,Mid-Shore Regional CoC,Largely Rural CoC,157,62,9,86,76,79,2,0,153,4,84,61,0,1,0,11,129,28,56,101,28,25,3,6
MD-512,Hagerstown/Washington County CoC,Largely Suburban CoC,159,25,11,123,51,108,0,0,148,11,100,52,0,0,1,6,102,57,118,41,28,13,15,28
MD-513,"Wicomico, Somerset, Worcester Counties CoC",Largely Rural CoC,310,66,14,230,128,182,0,0,304,6,142,153,0,2,5,8,256,54,211,99,73,45,28,25
MD-600,Prince George's County CoC,Largely Suburban CoC,466,152,39,275,213,252,1,0,425,41,31,391,1,5,1,37,375,91,232,234,21,21,0,22
MD-601,Montgomery County CoC,Largely Suburban CoC,670,113,46,511,301,366,3,0,559,111,188,420,21,4,3,34,567,103,487,183,10,10,0,14
ME-500,Maine Statewide CoC,Largely Rural CoC,"2,097",480,149,"1,468",940,"1,143",8,6,"2,013",84,"1,631",310,3,48,7,98,"1,956",141,"1,289",808,248,204,44,103
MI-500,Michigan Balance of State CoC,Largely Rural CoC,"1,502",438,122,942,737,764,0,1,"1,426",76,"1,275",129,0,25,4,69,"1,230",272,819,683,124,81,43,59
MI-501,Detroit CoC,Major City CoC,"1,589",351,136,"1,102",583,"1,004",2,0,"1,553",36,173,"1,374",7,4,3,28,"1,503",86,"1,056",533,187,154,33,288
MI-502,"Dearborn, Dearborn Heights, Westland/Wayne County CoC",Largely Suburban CoC,260,111,8,141,128,132,0,0,253,7,108,127,1,4,0,20,239,21,95,165,31,29,2,20
MI-503,"St. Clair Shores, Warren/Macomb County CoC",Largely Suburban CoC,251,44,8,199,95,156,0,0,241,10,119,123,0,1,0,8,199,52,191,60,23,13,10,13
MI-504,"Pontiac, Royal Oak/Oakland County CoC",Largely Suburban CoC,459,101,53,305,192,266,0,1,431,28,172,268,3,0,0,16,335,124,311,148,61,38,23,10
MI-505,Flint/Genesee County CoC,Largely Suburban CoC,349,76,22,251,146,203,0,0,299,50,154,149,0,4,1,41,276,73,242,107,48,22,26,16
MI-506,"Grand Rapids, Wyoming/Kent County CoC",Largely Suburban CoC,923,233,88,602,380,538,4,1,856,67,331,494,9,11,2,76,837,86,567,356,185,141,44,69
MI-507,"Portage, Kalamazoo City & County CoC",Other Largely Urban CoC,639,186,30,423,326,313,0,0,621,18,245,369,6,11,0,8,496,143,372,267,160,118,42,19
MI-508,"Lansing, East Lansing/Ingham County CoC",Other Largely Urban CoC,512,120,29,363,213,298,0,1,471,41,243,191,2,8,0,68,482,30,328,184,33,24,9,33
MI-509,Washtenaw County CoC,Largely Suburban CoC,274,55,20,199,102,169,2,1,260,14,106,132,1,1,0,34,257,17,193,81,59,49,10,25
MI-510,Saginaw City & County CoC,Largely Suburban CoC,431,143,32,256,210,221,0,0,408,23,144,250,1,6,0,30,421,10,227,204,22,20,2,21
MI-511,Lenawee County CoC,Largely Rural CoC,168,55,15,98,93,75,0,0,120,48,123,20,0,1,0,24,161,7,81,87,22,22,0,13
MI-512,"Grand Traverse, Antrim, Leelanau Counties CoC",Largely Rural CoC,211,19,12,180,70,141,0,0,207,4,175,11,1,9,1,14,183,28,178,33,54,37,17,8
MI-514,Battle Creek/Calhoun County CoC,Other Largely Urban CoC,229,30,15,184,74,155,0,0,224,5,117,84,1,8,14,5,182,47,185,44,58,37,21,31
MI-515,Monroe City & County CoC,Largely Suburban CoC,184,41,16,127,92,92,0,0,180,4,128,42,0,1,1,12,182,2,122,62,17,15,2,2
MI-516,"Norton Shores, Muskegon City & County CoC",Largely Suburban CoC,129,33,11,85,54,75,0,0,120,9,51,71,1,0,0,6,122,7,77,52,9,8,1,5
MI-517,Jackson City & County CoC,Largely Rural CoC,100,23,10,67,50,50,0,0,97,3,55,26,2,1,1,15,75,25,67,33,6,6,0,1
MI-518,Livingston County CoC,Largely Suburban CoC,47,25,6,16,33,14,0,0,44,3,35,7,0,1,0,4,47,0,10,37,1,1,0,2
MI-519,Holland/Ottawa County CoC,Largely Suburban CoC,270,88,19,163,123,147,0,0,243,27,191,46,18,4,2,9,262,8,140,130,8,7,1,4
MI-523,Eaton County CoC,Largely Suburban CoC,111,67,6,38,69,42,0,0,100,11,78,24,0,0,0,9,110,1,6,105,1,1,0,0
MN-500,Minneapolis/Hennepin County CoC,Major City CoC,"3,049",865,287,"1,897","1,253","1,773",12,11,"2,815",234,697,"1,822",48,263,28,191,"2,407",642,"1,829","1,220",711,427,284,134
MN-501,Saint Paul/Ramsey County CoC,Other Largely Urban CoC,"1,630",400,117,"1,113",627,994,6,3,"1,471",159,443,886,69,73,9,150,"1,292",338,"1,043",587,417,230,187,61
MN-502,Rochester/Southeast Minnesota CoC,Largely Rural CoC,459,146,69,244,244,212,2,1,400,59,282,118,10,10,2,37,393,66,219,240,79,52,27,13
MN-503,"Dakota, Anoka, Washington, Scott, Carver Counties",Largely Suburban CoC,561,137,74,350,273,285,1,2,513,48,309,167,6,9,1,69,415,146,327,234,115,59,56,21
MN-504,Northeast Minnesota CoC,Largely Rural CoC,143,35,26,82,66,76,0,1,137,6,108,4,0,20,0,11,82,61,86,57,11,7,4,1
MN-505,St. Cloud/Central Minnesota CoC,Largely Rural CoC,864,181,208,475,370,493,0,1,830,34,561,155,5,96,7,40,466,398,572,292,142,41,101,50
MN-506,Northwest Minnesota CoC,Largely Rural CoC,320,121,42,157,153,166,1,0,290,30,118,13,2,153,0,34,317,3,128,192,60,59,1,6
MN-508,Moorhead/West Central Minnesota CoC,Largely Rural CoC,223,91,23,109,101,121,1,0,187,36,120,28,1,56,0,18,223,0,78,145,32,32,0,6
MN-509,Duluth/St.Louis County CoC,Largely Rural CoC,612,139,74,399,274,333,2,3,591,21,328,100,4,110,3,67,328,284,405,207,206,54,152,19
MN-511,Southwest Minnesota CoC,Largely Rural CoC,79,25,12,42,47,32,0,0,61,18,50,9,0,5,0,15,68,11,39,40,14,11,3,4
MO-500,St. Louis County CoC,Largely Suburban CoC,479,186,141,152,282,194,3,0,471,8,67,382,4,4,4,18,449,30,225,254,47,34,13,12
MO-501,St.Louis City CoC,Other Largely Urban CoC,"1,260",247,102,911,440,811,6,3,"1,237",23,301,922,10,2,2,23,"1,062",198,837,423,326,222,104,143
MO-503,"St. Charles City & County, Lincoln, Warren Counties CoC",Largely Suburban CoC,392,142,44,206,213,177,1,1,371,21,260,96,0,5,0,31,267,125,176,216,18,8,10,6
MO-600,"Springfield/Greene, Christian, Webster Counties CoC",Other Largely Urban CoC,540,105,45,390,252,285,2,1,501,39,401,64,2,22,4,47,452,88,389,151,134,87,47,24
MO-602,"Joplin/Jasper, Newton Counties CoC",Largely Rural CoC,313,31,16,266,108,205,0,0,295,18,264,25,0,12,1,11,243,70,261,52,56,33,23,65
MO-603,"St. Joseph/Andrew, Buchanan, DeKalb Counties CoC",Other Largely Urban CoC,241,55,16,170,115,125,0,1,225,16,168,47,5,2,0,19,199,42,152,89,86,58,28,10
MO-604a,"Kansas City, Independence, Lee’s Summit/Jackson, Wyandotte Counties, MO & KS",Major City CoC,"1,973",409,235,"1,329",867,"1,095",7,4,"1,816",157,968,811,11,23,9,151,"1,448",525,"1,507",466,204,67,137,146
MO-606,Missouri Balance of State CoC,Largely Rural CoC,"1,569",330,125,"1,114",776,784,6,3,"1,497",72,"1,219",245,3,18,2,82,917,652,"1,075",494,260,150,110,89
MP-500,Northern Mariana Islands CoC,Largely Rural CoC,"1,207",409,117,681,576,631,0,0,"1,207",0,7,0,438,0,758,4,2,"1,205",323,884,0,0,0,9
MS-500,"Jackson/Rankin, Madison Counties CoC",Largely Suburban CoC,406,69,20,317,127,277,2,0,405,1,142,255,3,1,1,4,293,113,300,106,80,42,38,35
MS-501,Mississippi Balance of State CoC,Largely Rural CoC,447,56,23,368,179,268,0,0,444,3,203,230,0,4,0,10,220,227,362,85,63,0,63,25
MS-503,Gulf Port/Gulf Coast Regional CoC,Largely Rural CoC,254,40,10,204,89,164,1,0,240,14,167,69,0,6,4,8,68,186,191,63,3,0,3,8
MT-500,Montana Statewide CoC,Largely Rural CoC,"1,545",328,98,"1,119",630,896,10,9,"1,398",147,"1,087",51,4,300,10,93,"1,085",460,996,549,223,59,164,165
NC-500,Winston-Salem/Forsyth County CoC,Other Largely Urban CoC,504,49,24,431,137,366,1,0,496,8,214,281,1,1,0,7,447,57,427,77,136,106,30,50
NC-501,Asheville/Buncombe County CoC,Largely Suburban CoC,547,47,9,491,150,396,1,0,524,23,376,144,1,8,3,15,482,65,477,70,110,72,38,218
NC-502,Durham City & County CoC,Other Largely Urban CoC,349,59,21,269,113,236,0,0,333,16,87,247,0,3,0,12,272,77,245,104,61,38,23,58
NC-503,North Carolina Balance of State CoC,Largely Rural CoC,"3,185",594,221,"2,370","1,362","1,819",2,2,"3,029",156,"1,793","1,205",14,51,5,117,"2,189",996,"2,270",915,324,205,119,151
NC-504,"Greensboro, High Point CoC",Other Largely Urban CoC,624,91,53,480,215,409,0,0,606,18,208,399,1,1,0,15,434,190,504,120,33,20,13,56
NC-505,Charlotte/Mecklenberg CoC,Major City CoC,"1,604",307,107,"1,190",652,949,3,0,"1,560",44,269,"1,260",4,8,0,63,"1,390",214,"1,147",457,286,203,83,123
NC-506,"Wilmington/Brunswick, New Hanover, Pender Counties CoC",Largely Suburban CoC,350,37,10,303,121,228,1,0,326,24,200,125,1,1,1,22,231,119,295,55,52,15,37,35
NC-507,Raleigh/Wake County CoC,Major City CoC,974,194,70,710,392,575,7,0,902,72,259,659,6,11,4,35,742,232,667,307,103,57,46,48
NC-509,"Gastonia/Cleveland, Gaston, Lincoln Counties CoC",Largely Suburban CoC,325,60,17,248,139,186,0,0,301,24,195,108,0,4,0,18,140,185,234,91,78,4,74,21
NC-511,Fayetteville/Cumberland County CoC,Other Largely Urban CoC,297,80,6,211,108,188,1,0,274,23,62,219,0,0,6,10,132,165,172,125,40,0,40,28
NC-513,Chapel Hill/Orange County CoC,Other Largely Urban CoC,124,15,2,107,32,92,0,0,119,5,52,61,2,3,0,6,105,19,97,27,13,4,9,7
NC-516,Northwest North Carolina CoC,Largely Rural CoC,397,101,21,275,193,202,2,0,350,47,345,49,0,2,1,0,158,239,221,176,36,26,10,3
ND-500,North Dakota Statewide CoC,Largely Rural CoC,541,115,46,380,226,314,1,0,501,40,285,95,1,131,1,28,507,34,371,170,92,77,15,49
NE-500,Nebraska Balance of State CoC,Largely Rural CoC,542,138,51,353,235,305,2,0,424,118,456,45,1,15,3,22,517,25,330,212,19,16,3,21
NE-501,"Omaha, Council Bluffs CoC",Major City CoC,"1,405",195,99,"1,111",457,945,3,0,"1,252",153,863,386,11,34,10,101,"1,328",77,"1,121",284,338,301,37,118
NE-502,Lincoln CoC,Other Largely Urban CoC,457,130,31,296,205,251,1,0,399,58,269,112,10,22,2,42,416,41,271,186,106,83,23,14
NH-500,New Hampshire Balance of State CoC,Largely Rural CoC,877,170,68,639,394,479,4,0,834,43,793,39,10,4,5,26,632,245,571,306,340,186,154,26
NH-501,Manchester CoC,Other Largely Urban CoC,498,121,35,342,225,273,0,0,415,83,424,31,3,1,1,38,424,74,288,210,73,55,18,33
NH-502,Nashua/Hillsborough County CoC,Largely Suburban CoC,300,82,15,203,116,183,1,0,242,58,257,28,3,1,1,10,271,29,164,136,33,24,9,57
NJ-500,Atlantic City & County CoC,Largely Suburban CoC,443,30,32,381,105,338,0,0,376,67,182,210,11,2,2,36,286,157,397,46,146,70,76,54
NJ-501,Bergen County CoC,Largely Suburban CoC,352,83,40,229,180,172,0,0,241,111,208,123,2,5,0,14,346,6,230,122,9,6,3,10
NJ-502,Burlington County CoC,Largely Suburban CoC,553,164,36,353,266,285,2,0,494,59,217,307,0,5,9,15,528,25,297,256,97,84,13,8
NJ-503,"Camden City & County/Gloucester, Cape May, Cumberland Counties CoC",Largely Suburban CoC,"1,047",181,61,805,407,633,6,1,871,176,445,531,7,15,7,42,800,247,777,270,265,77,188,136
NJ-504,Newark/Essex County CoC,Largely Suburban CoC,"2,209",537,180,"1,492",949,"1,256",2,2,"1,841",368,305,"1,769",5,29,16,85,"1,796",413,"1,340",869,313,106,207,87
NJ-506,"Jersey City, Bayonne/Hudson County CoC",Largely Suburban CoC,944,105,46,793,309,634,0,1,645,299,404,513,7,3,2,15,646,298,769,175,314,133,181,27
NJ-507,New Brunswick/Middlesex County CoC,Largely Suburban CoC,666,181,43,442,292,373,1,0,458,208,310,329,11,2,3,11,565,101,366,300,90,50,40,23
NJ-508,Monmouth County CoC,Largely Suburban CoC,399,101,29,269,163,236,0,0,346,53,186,186,0,1,0,26,340,59,239,160,88,51,37,15
NJ-509,Morris County CoC,Largely Suburban CoC,354,96,26,232,156,198,0,0,284,70,217,101,4,4,1,27,325,29,194,160,51,39,12,6
NJ-510,Lakewood Township/Ocean County CoC,Largely Suburban CoC,349,86,31,232,174,175,0,0,296,53,234,88,1,3,0,23,324,25,211,138,44,35,9,6
NJ-511,Paterson/Passaic County CoC,Largely Suburban CoC,583,108,45,430,242,341,0,0,388,195,264,291,0,6,1,21,393,190,422,161,122,45,77,20
NJ-512,Salem County CoC,Largely Suburban CoC,32,8,0,24,20,12,0,0,32,0,18,11,0,0,0,3,22,10,20,12,9,4,5,1
NJ-513,Somerset County CoC,Largely Suburban CoC,342,81,35,226,168,174,0,0,281,61,128,190,0,3,1,20,332,10,233,109,18,17,1,94
NJ-514,Trenton/Mercer County CoC,Largely Suburban CoC,556,113,53,390,206,350,0,0,484,72,148,376,6,8,5,13,451,105,376,180,71,36,35,21
NJ-515,Elizabeth/Union County CoC,Largely Suburban CoC,484,116,45,323,225,259,0,0,353,131,183,290,1,0,0,10,419,65,295,189,42,25,17,20
NJ-516,"Warren, Sussex, Hunterdon Counties CoC",Largely Suburban CoC,349,63,15,271,168,178,3,0,300,49,232,103,3,2,1,8,308,41,247,102,64,48,16,67
NM-500,Albuquerque CoC,Major City CoC,"1,586",197,106,"1,283",490,"1,080",15,1,969,617,965,155,12,360,23,71,"1,019",567,"1,311",275,553,218,335,143
NM-501,New Mexico Balance of State CoC,Largely Rural CoC,"1,747",285,115,"1,347",707,"1,023",4,13,"1,039",708,"1,046",72,2,471,15,141,"1,055",692,"1,244",503,981,639,342,109
NV-500,Las Vegas/Clark County CoC,Major City CoC,"5,283",214,470,"4,599","1,517","3,758",8,0,"4,518",765,"3,137","1,703",104,75,91,173,"1,822","3,461","5,013",270,"1,131",319,812,734
NV-501,"Reno, Sparks/Washoe County CoC",Other Largely Urban CoC,"1,231",127,65,"1,039",393,836,2,0,"1,003",228,919,169,23,56,20,44,772,459,"1,052",179,148,89,59,158
NV-502,Nevada Balance of State CoC,Largely Rural CoC,386,42,14,330,140,245,1,0,335,51,338,12,1,16,10,9,97,289,316,70,90,4,86,32
NY-500,"Rochester, Irondequoit, Greece/Monroe County CoC",Largely Suburban CoC,815,152,80,583,283,530,2,0,689,126,316,451,5,5,5,33,771,44,587,228,96,82,14,76
NY-501,"Elmira/Steuben, Allegany, Livingston, Chemung, Schuyler Counties CoC",Largely Rural CoC,252,47,30,175,101,149,0,2,244,8,216,30,1,2,0,3,231,21,174,78,15,4,11,4
NY-503,Albany City & County CoC,Largely Suburban CoC,820,151,67,602,263,557,0,0,720,100,311,422,8,14,2,63,766,54,592,228,116,81,35,68
NY-505,"Syracuse, Auburn/Onondaga, Oswego, Cayuga Counties CoC",Largely Suburban CoC,618,87,59,472,243,373,0,2,555,63,356,216,7,6,8,25,598,20,482,136,53,43,10,30
NY-507,Schenectady City & County CoC,Largely Suburban CoC,434,122,28,284,170,263,1,0,328,106,181,198,4,1,1,49,409,25,234,200,17,12,5,15
NY-508,"Buffalo, Niagara Falls/Erie, Niagara, Orleans, Genesee, Wyoming Counties CoC",Largely Suburban CoC,872,222,57,593,361,508,1,2,777,95,372,401,16,27,3,53,839,33,557,315,29,21,8,66
NY-510,Ithaca/Tompkins County CoC,Largely Rural CoC,133,6,25,102,44,88,1,0,119,14,90,36,2,0,0,5,99,34,120,13,60,38,22,5
NY-511,"Binghamton, Union Town/Broome, Otsego, Chenango, Delaware, Cortland, Tioga Count",Largely Rural CoC,317,53,23,241,120,197,0,0,296,21,257,50,0,2,2,6,301,16,238,79,39,33,6,9
NY-512,Troy/Rensselaer County CoC,Largely Suburban CoC,232,80,17,135,125,106,1,0,184,48,119,105,1,0,4,3,218,14,108,124,14,10,4,5
NY-513,"Wayne, Ontario, Seneca, Yates Counties CoC",Largely Rural CoC,301,38,22,241,118,183,0,0,261,40,248,44,1,2,1,5,294,7,234,67,67,60,7,28
NY-514,"Jamestown, Dunkirk/Chautauqua County CoC",Largely Rural CoC,112,29,19,64,70,42,0,0,78,34,95,15,0,1,0,1,110,2,68,44,5,3,2,2
NY-518,"Utica, Rome/Oneida, Madison Counties CoC",Largely Rural CoC,191,40,22,129,84,105,1,1,172,19,125,45,1,3,1,16,177,14,129,62,23,23,0,14
NY-519,"Columbia, Greene Counties CoC",Largely Rural CoC,170,54,9,107,69,101,0,0,152,18,117,47,0,0,0,6,169,1,83,87,1,0,1,1
NY-520,"Franklin, Essex Counties CoC",Largely Rural CoC,39,2,4,33,10,28,1,0,36,3,26,1,0,8,4,0,39,0,34,5,0,0,0,0
NY-522,"Jefferson, Lewis, St. Lawrence Counties CoC",Largely Rural CoC,67,13,4,50,21,46,0,0,65,2,61,6,0,0,0,0,48,19,51,16,7,2,5,6
NY-523,"Glens Falls, Saratoga Springs/Saratoga, Washington, Warren, Hamilton Counties Co",Largely Suburban CoC,308,49,28,231,111,197,0,0,287,21,256,33,1,5,1,12,297,11,231,77,52,44,8,21
NY-525,New York Balance of State Continuum of Care,Largely Rural CoC,463,109,34,320,191,270,1,1,408,55,351,76,1,5,0,30,442,21,288,175,45,41,4,17
NY-600,New York City CoC,Major City CoC,"77,943","23,940","7,163","46,840","35,893","41,590",426,34,"49,254","28,689","15,715","55,834",861,352,"1,190","3,991","74,039","3,904","36,394","41,549","6,460","5,149","1,311",688
NY-601,Poughkeepsie/Dutchess County CoC,Largely Suburban CoC,591,179,43,369,301,290,0,0,506,85,269,283,2,3,3,31,581,10,310,281,7,6,1,8
NY-602,"Newburgh, Middletown/Orange County CoC",Largely Suburban CoC,471,134,29,308,209,262,0,0,398,73,226,215,3,0,0,27,388,83,264,207,68,23,45,8
NY-603,"Nassau, Suffolk Counties CoC",Largely Suburban CoC,"3,807","1,648",240,"1,919","2,015","1,789",3,0,"3,109",698,"1,250","2,336",12,47,15,147,"3,753",54,"1,128","2,679",99,94,5,127
NY-604,"Yonkers, Mount Vernon/Westchester County CoC",Largely Suburban CoC,"1,683",640,116,927,825,856,2,0,"1,266",417,458,"1,165",5,8,7,40,"1,616",67,643,"1,040",130,113,17,37
NY-606,Rockland County CoC,Largely Suburban CoC,193,20,33,140,68,124,0,1,131,62,85,67,0,8,0,33,121,72,158,35,76,23,53,4
NY-608,Kingston/Ulster County CoC,Largely Rural CoC,439,153,47,239,186,251,2,0,377,62,277,122,6,1,1,32,408,31,176,263,36,15,21,12
OH-500,Cincinnati/Hamilton County CoC,Largely Suburban CoC,"1,092",174,93,825,342,747,3,0,"1,080",12,375,674,2,1,2,38,"1,036",56,855,237,74,62,12,165
OH-501,Toledo/Lucas County CoC,Other Largely Urban CoC,602,157,34,411,279,323,0,0,548,54,283,269,0,4,2,44,547,55,368,234,66,58,8,10
OH-502,Cleveland/Cuyahoga County CoC,Largely Suburban CoC,"1,675",244,119,"1,312",475,"1,184",16,0,"1,586",89,452,"1,184",8,5,2,24,"1,566",109,"1,315",360,171,136,35,168
OH-503,Columbus/Franklin County CoC,Major City CoC,"2,036",431,174,"1,431",834,"1,194",8,0,"1,948",88,630,"1,214",33,17,8,134,"1,603",433,"1,413",623,177,29,148,97
OH-504,Youngstown/Mahoning County CoC,Other Largely Urban CoC,100,34,8,58,62,38,0,0,92,8,28,60,1,1,0,10,88,12,55,45,6,3,3,2
OH-505,"Dayton, Kettering/Montgomery County CoC",Largely Suburban CoC,736,89,94,553,281,449,6,0,700,36,340,354,2,5,3,32,687,49,598,138,18,16,2,55
OH-506,"Akron, Barberton/Summit County CoC",Largely Suburban CoC,587,96,37,454,264,323,0,0,566,21,292,251,5,4,1,34,459,128,445,142,46,14,32,63
OH-507,Ohio Balance of State CoC,Largely Rural CoC,"3,577",701,270,"2,606","1,542","2,023",10,2,"3,404",173,"2,818",575,2,39,4,139,"2,591",986,"2,452","1,125",192,166,26,162
OH-508,"Canton, Massillon, Alliance/Stark County CoC",Largely Suburban CoC,250,73,13,164,131,119,0,0,244,6,132,81,1,2,0,34,234,16,135,115,3,2,1,8
OK-500,North Central Oklahoma CoC,Largely Rural CoC,221,28,47,146,83,135,3,0,213,8,182,15,0,13,1,10,158,63,188,33,28,18,10,10
OK-501,Tulsa City & County CoC,Major City CoC,"1,221",137,117,967,451,761,4,5,"1,130",91,679,282,4,149,3,104,953,268,"1,003",218,256,151,105,125
OK-502,Oklahoma City CoC,Major City CoC,"1,573",178,93,"1,302",516,"1,042",14,1,"1,451",122,958,406,7,125,1,76,"1,016",557,"1,309",264,441,89,352,150
OK-503,Oklahoma Balance of State CoC,Largely Rural CoC,161,32,11,118,65,95,1,0,142,19,122,8,0,18,0,13,106,55,108,53,75,49,26,4
OK-504,Norman/Cleveland County CoC,Largely Suburban CoC,266,19,11,236,99,166,1,0,254,12,198,29,2,25,0,12,120,146,235,31,215,69,146,20
OK-505,Northeast Oklahoma CoC,Largely Rural CoC,55,11,5,39,23,32,0,0,50,5,25,1,0,26,0,3,6,49,42,13,32,5,27,0
OK-506,Southwest Oklahoma Regional CoC,Largely Rural CoC,165,35,1,129,56,109,0,0,146,19,99,46,0,17,3,0,142,23,84,81,8,8,0,12
OK-507,Southeastern Oklahoma Regional CoC,Largely Rural CoC,270,50,20,200,109,160,1,0,256,14,188,28,0,38,1,15,187,83,193,77,73,63,10,4
OR-500,"Eugene, Springfield/Lane County CoC",Other Largely Urban CoC,"1,606",159,79,"1,368",517,"1,073",7,9,"1,455",151,"1,325",53,5,58,14,151,569,"1,037","1,362",244,545,134,411,167
OR-501,"Portland, Gresham/Multnomah County CoC",Major City CoC,"4,173",232,293,"3,648","1,435","2,644",48,46,"3,764",409,"2,858",590,47,213,62,403,"2,136","2,037","3,784",389,"1,837",483,"1,354",492
OR-502,"Medford, Ashland/Jackson County CoC",Largely Suburban CoC,727,85,64,578,265,461,0,1,635,92,590,29,8,28,26,46,364,363,591,136,297,45,252,92
OR-503,Central Oregon CoC,Largely Rural CoC,913,164,75,674,383,524,4,2,851,62,761,9,3,119,4,17,299,614,639,274,194,66,128,74
OR-504,"Salem/Marion, Polk Counties CoC",Largely Suburban CoC,624,32,31,561,170,454,0,0,599,25,593,2,3,13,6,7,624,0,603,21,45,45,0,51
OR-505,Oregon Balance of State CoC,Largely Rural CoC,"5,642","1,205",337,"4,100","2,331","3,290",11,10,"5,146",496,"5,025",78,29,254,39,217,"1,346","4,296","4,304","1,338","1,116",182,934,329
OR-506,"Hillsboro, Beaverton/Washington County CoC",Largely Suburban CoC,618,83,41,494,192,424,2,0,517,101,483,53,8,17,14,43,311,307,477,141,149,48,101,84
OR-507,Clackamas County CoC,Largely Suburban CoC,352,70,24,258,150,202,0,0,304,48,281,25,9,9,2,26,129,223,235,117,156,26,130,40
PA-500,Philadelphia CoC,Major City CoC,"5,634","1,169",427,"4,038","2,093","3,493",36,12,"5,043",591,"1,237","4,139",29,27,27,175,"4,676",958,"3,814","1,820","1,145",858,287,244
PA-501,Harrisburg/Dauphin County CoC,Largely Suburban CoC,402,88,36,278,156,245,1,0,344,58,137,218,2,6,5,34,356,46,265,137,39,24,15,21
PA-502,"Upper Darby, Chester, Haverford/Delaware County CoC",Largely Suburban CoC,367,93,18,256,193,173,1,0,353,14,101,252,0,0,1,13,321,46,216,151,13,4,9,8
PA-503,"Wilkes-Barre, Hazleton/Luzerne County CoC",Largely Suburban CoC,181,61,20,100,115,64,2,0,140,41,107,55,1,4,0,14,173,8,87,94,3,2,1,12
PA-504,"Lower Merion, Norristown, Abington/Montgomery County CoC",Largely Suburban CoC,282,74,14,194,157,123,1,1,263,19,114,147,3,0,1,17,249,33,163,119,51,39,12,8
PA-505,Chester County CoC,Largely Suburban CoC,522,95,15,412,165,356,1,0,498,24,250,255,1,1,1,14,499,23,366,156,41,38,3,222
PA-506,Reading/Berks County CoC,Largely Suburban CoC,524,97,36,391,154,370,0,0,321,203,352,150,0,2,0,20,510,14,375,149,47,47,0,34
PA-508,Scranton/Lackawanna County CoC,Largely Suburban CoC,177,38,18,121,72,103,2,0,157,20,151,16,0,0,1,9,161,16,110,67,10,7,3,33
PA-509,Eastern Pennsylvania CoC,Largely Rural CoC,"2,032",570,172,"1,290",904,"1,121",4,3,"1,617",415,"1,476",449,4,7,6,90,"1,666",366,"1,147",885,117,65,52,94
PA-510,Lancaster City & County CoC,Largely Suburban CoC,461,82,44,335,209,251,1,0,343,118,332,109,4,1,1,14,441,20,306,155,6,4,2,28
PA-511,"Bristol, Bensalem/Bucks County CoC",Largely Suburban CoC,333,121,18,194,186,145,2,0,294,39,187,126,4,0,1,15,303,30,137,196,33,20,13,12
PA-512,York City & County CoC,Largely Suburban CoC,370,123,29,218,168,199,2,1,259,111,216,127,1,1,6,19,312,58,200,170,16,9,7,7
PA-600,"Pittsburgh, McKeesport, Penn Hills/Allegheny County CoC",Largely Suburban CoC,887,176,57,654,341,540,6,0,857,30,316,484,7,3,4,73,724,163,619,268,183,137,46,106
PA-601,Western Pennsylvania CoC,Largely Rural CoC,754,154,73,527,301,452,1,0,733,21,601,123,3,5,1,21,693,61,494,260,24,16,8,110
PA-603,Beaver County CoC,Largely Suburban CoC,101,44,4,53,56,45,0,0,101,0,69,26,5,1,0,0,92,9,33,68,6,0,6,3
PA-605,Erie City & County CoC,Largely Suburban CoC,348,63,19,266,118,230,0,0,309,39,208,117,1,4,1,17,342,6,253,95,38,36,2,35
PR-502,Puerto Rico Balance of Commonwealth CoC,Largely Suburban CoC,"1,299",80,45,"1,174",305,994,0,0,40,"1,259",542,241,2,11,4,499,391,908,"1,157",142,363,42,321,42
PR-503,South-Southeast Puerto Rico CoC,Largely Suburban CoC,"1,152",30,34,"1,088",212,930,10,0,16,"1,136",497,224,1,5,2,423,160,992,"1,094",58,305,53,252,46
RI-500,Rhode Island Statewide CoC,Largely Suburban CoC,"1,104",238,48,818,431,667,5,1,857,247,656,322,6,24,6,90,996,108,723,381,226,201,25,92
SC-500,Charleston/Low Country CoC,Largely Suburban CoC,433,32,14,387,130,303,0,0,417,16,190,213,1,3,1,25,280,153,370,63,88,43,45,97
SC-501,"Greenville, Anderson, Spartanburg/Upstate CoC",Largely Suburban CoC,"1,536",194,89,"1,253",531,"1,003",1,1,"1,480",56,759,676,2,21,2,76,"1,039",497,"1,220",316,353,178,175,98
SC-502,Columbia/Midlands CoC,Largely Suburban CoC,"1,140",138,88,914,402,733,3,2,"1,121",19,347,737,7,17,0,32,874,266,923,217,271,162,109,155
SC-503,"Myrtle Beach, Sumter City & County CoC",Largely Rural CoC,"1,178",154,65,959,516,660,1,1,"1,154",24,591,534,2,14,3,34,390,788,919,259,152,16,136,78
SD-500,South Dakota Statewide CoC,Largely Rural CoC,"1,058",215,83,760,448,607,3,0,977,81,265,65,2,699,0,27,812,246,743,315,162,122,40,43
TN-500,Chattanooga/Southeast Tennessee CoC,Largely Rural CoC,648,114,46,488,249,396,2,1,612,36,399,209,1,10,0,29,324,324,468,180,168,63,105,32
TN-501,Memphis/Shelby County CoC,Major City CoC,"1,022",178,59,785,286,735,1,0,"1,014",8,158,836,2,17,3,6,921,101,738,284,21,11,10,78
TN-502,Knoxville/Knox County CoC,Largely Suburban CoC,745,41,53,651,340,404,1,0,724,21,524,181,2,2,2,34,549,196,677,68,197,99,98,75
TN-503,Central Tennessee CoC,Largely Rural CoC,517,134,41,342,236,279,2,0,496,21,253,229,1,1,4,29,389,128,302,215,16,9,7,51
TN-504,Nashville-Davidson County CoC,Major City CoC,"2,016",147,115,"1,754",528,"1,480",6,2,"1,947",69,"1,025",907,16,22,10,36,"1,432",584,"1,831",185,533,196,337,249
TN-506,Upper Cumberland CoC,Largely Rural CoC,332,48,17,267,153,179,0,0,325,7,291,32,3,0,2,4,239,93,254,78,0,0,0,8
TN-507,Jackson/West Tennessee CoC,Largely Rural CoC,861,210,24,627,361,500,0,0,857,4,481,340,0,0,1,39,60,801,493,368,71,12,59,10
TN-509,Appalachian Regional CoC,Largely Rural CoC,386,54,9,323,134,252,0,0,382,4,352,26,0,6,2,0,259,127,299,87,85,32,53,45
TN-510,Murfreesboro/Rutherford County CoC,Largely Suburban CoC,322,21,16,285,138,183,1,0,312,10,248,64,4,1,0,5,166,156,286,36,51,23,28,18
TN-512,"Morristown/Blount, Sevier, Campbell, Cocke Counties CoC",Largely Rural CoC,407,51,17,339,177,229,1,0,399,8,360,25,0,7,6,9,133,274,325,82,11,0,11,4
TX-500,San Antonio/Bexar County CoC,Major City CoC,"2,932",505,185,"2,242","1,175","1,746",10,1,"1,564","1,368","2,097",714,16,34,3,68,"1,658","1,274","2,104",828,293,138,155,206
TX-503,Austin/Travis County CoC,Major City CoC,"2,506",298,178,"2,030",801,"1,690",9,6,"1,905",601,"1,535",842,15,21,13,80,932,"1,574","2,048",458,787,185,602,309
TX-600,"Dallas City & County, Irving CoC",Major City CoC,"4,471",657,240,"3,574","1,541","2,920",8,2,"3,839",632,"1,642","2,559",52,50,12,156,"2,852","1,619","3,560",911,505,326,179,360
TX-601,"Fort Worth, Arlington/Tarrant County CoC",Major City CoC,"2,126",363,103,"1,660",823,"1,299",4,0,"1,849",277,"1,049","1,003",15,24,8,27,"1,323",803,"1,601",525,247,142,105,128
TX-603,El Paso City & County CoC,Major City CoC,843,167,38,638,334,509,0,0,299,544,668,97,4,15,4,55,681,162,533,310,102,66,36,55
TX-604,Waco/McLennan County CoC,Largely Rural CoC,234,61,15,158,99,134,1,0,176,58,133,88,0,2,0,11,158,76,143,91,29,7,22,16
TX-607,Texas Balance of State CoC,Largely Rural CoC,"9,198","1,287",596,"7,315","3,460","5,712",19,7,"5,905","3,293","6,411","2,294",77,152,33,231,"3,433","5,765","7,194","2,004","1,178",189,989,555
TX-611,Amarillo CoC,Other Largely Urban CoC,600,85,37,478,244,353,0,3,450,150,450,82,5,3,2,58,403,197,578,22,64,24,40,36
TX-624,"Wichita Falls/Wise, Palo Pinto, Wichita, Archer Counties CoC",Largely Rural CoC,236,43,17,176,94,142,0,0,195,41,161,60,1,2,2,10,176,60,184,52,18,10,8,11
TX-700,"Houston, Pasadena, Conroe/Harris, Ft. Bend, Montgomery, Counties CoC",Major City CoC,"3,974",566,247,"3,161","1,473","2,489",10,2,"3,412",562,"1,573","2,218",21,41,12,109,"2,318","1,656","3,087",887,800,153,647,267
TX-701,"Bryan, College Station/Brazos Valley CoC",Other Largely Urban CoC,109,16,7,86,36,73,0,0,90,19,59,44,0,2,0,4,83,26,83,26,10,2,8,5
UT-500,Salt Lake City & County CoC,Largely Suburban CoC,"1,958",387,164,"1,407",763,"1,182",12,1,"1,434",524,"1,396",252,26,99,55,130,"1,690",268,"1,324",634,436,316,120,80
UT-503,Utah Balance of State CoC,Largely Suburban CoC,"1,006",221,65,720,425,578,1,2,795,211,826,71,10,54,3,42,660,346,700,306,203,106,97,30
UT-504,Provo/Mountainland CoC,Largely Suburban CoC,167,27,10,130,62,103,1,1,133,34,145,9,0,9,0,4,77,90,126,41,49,5,44,4
VA-500,"Richmond/Henrico, Chesterfield, Hanover Counties CoC",Largely Suburban CoC,546,69,21,456,167,379,0,0,527,19,129,382,2,8,1,24,416,130,435,111,137,112,25,78
VA-501,"Norfolk, Chesapeake, Suffolk/Isle of Wight, Southampton Counties CoC",Largely Suburban CoC,709,116,38,555,235,474,0,0,680,29,127,551,4,5,1,21,644,65,538,171,53,47,6,59
VA-502,"Roanoke City & County, Salem CoC",Largely Suburban CoC,276,37,16,223,100,174,1,1,266,10,159,94,0,4,0,19,246,30,213,63,44,36,8,30
VA-503,Virginia Beach CoC,Major City CoC,319,64,16,239,135,184,0,0,298,21,146,147,1,3,0,22,225,94,234,85,51,39,12,26
VA-504,Charlottesville CoC,Largely Rural CoC,188,21,5,162,69,118,1,0,184,4,109,67,1,3,0,8,162,26,154,34,46,30,16,16
VA-505,"Newport News, Hampton/Virginia Peninsula CoC",Other Largely Urban CoC,425,86,24,315,156,269,0,0,387,38,123,269,2,12,2,17,363,62,296,129,52,44,8,45
VA-507,Portsmouth CoC,Other Largely Urban CoC,149,33,3,113,64,85,0,0,148,1,26,119,0,0,0,4,113,36,99,50,14,9,5,10
VA-508,Lynchburg CoC,Largely Rural CoC,73,15,4,54,39,34,0,0,69,4,36,27,0,2,0,8,55,18,48,25,7,2,5,2
VA-513,"Harrisburg, Winchester/Western Virginia CoC",Largely Rural CoC,297,41,37,219,109,187,0,1,278,19,224,47,1,4,1,20,262,35,227,70,47,39,8,11
VA-514,"Fredericksburg/Spotsylvania, Stafford Counties CoC",Largely Suburban CoC,207,50,13,144,76,131,0,0,200,7,101,86,0,0,1,19,183,24,128,79,21,15,6,18
VA-521,Virginia Balance of State CoC,Largely Rural CoC,816,240,43,533,369,445,1,1,762,54,447,304,0,6,2,57,660,156,471,345,28,12,16,32
VA-600,Arlington County CoC,Other Largely Urban CoC,199,38,8,153,82,116,1,0,151,48,64,108,5,0,2,20,165,34,139,60,20,6,14,3
VA-601,Fairfax County CoC,Largely Suburban CoC,"1,041",318,95,628,477,559,5,0,884,157,316,601,56,11,1,56,953,88,513,528,190,131,59,33
VA-602,Loudoun County CoC,Largely Suburban CoC,179,30,0,149,99,80,0,0,167,12,80,62,4,0,1,32,122,57,129,50,26,15,11,7
VA-603,Alexandria CoC,Other Largely Urban CoC,207,50,8,149,90,117,0,0,179,28,54,129,14,0,2,8,196,11,121,86,24,13,11,9
VA-604,Prince William County CoC,Largely Suburban CoC,326,58,29,239,128,195,3,0,285,41,92,176,8,4,2,44,224,102,214,112,53,25,28,16
VI-500,Virgin Islands CoC,Largely Rural CoC,304,0,6,298,98,201,0,5,260,44,33,232,0,6,0,33,72,232,304,0,105,0,105,13
VT-500,Vermont Balance of State CoC,Largely Rural CoC,849,183,93,573,386,455,6,2,824,25,775,31,3,2,4,34,780,69,535,314,135,113,22,65
VT-501,Burlington/Chittenden County CoC,Other Largely Urban CoC,261,33,34,194,112,145,2,2,245,16,208,31,6,4,0,12,216,45,203,58,50,36,14,6
WA-500,Seattle/King County CoC,Major City CoC,"11,751","2,181","1,081","8,489","4,836","6,610",121,184,"10,034","1,717","5,658","2,953",244,"1,753",415,728,"6,173","5,578","8,008","3,743","3,355","1,380","1,975",813
WA-501,Washington Balance of State CoC,Largely Rural CoC,"5,668","1,055",427,"4,186","2,388","3,224",32,24,"4,813",855,"4,540",250,26,424,76,352,"3,076","2,592","4,063","1,605","1,541",280,"1,261",394
WA-502,Spokane City & County CoC,Other Largely Urban CoC,"1,559",241,133,"1,185",627,914,14,4,"1,422",137,"1,115",103,9,184,31,117,"1,018",541,"1,196",363,485,218,267,143
WA-503,"Tacoma, Lakewood/Pierce County CoC",Largely Suburban CoC,"1,897",226,146,"1,525",695,"1,194",2,6,"1,744",153,"1,031",455,27,96,61,227,983,914,"1,539",358,646,209,437,162
WA-504,Everett/Snohomish County CoC,Largely Suburban CoC,"1,132",198,73,861,472,649,5,6,"1,012",120,840,127,19,59,32,55,459,673,848,284,532,122,410,41
WA-508,Vancouver/Clark County CoC,Largely Suburban CoC,916,214,53,649,408,503,1,4,838,78,720,65,7,28,38,58,400,516,544,372,197,75,122,54
WI-500,Wisconsin Balance of State CoC,Largely Rural CoC,"2,708",820,171,"1,717","1,252","1,448",8,0,"2,474",234,"1,764",552,36,181,6,169,"2,583",125,"1,441","1,267",376,351,25,161
WI-501,Milwaukee City & County CoC,Major City CoC,970,171,65,734,299,666,5,0,874,96,310,602,3,11,6,38,883,87,735,235,73,63,10,103
WI-502,Racine City & County CoC,Largely Suburban CoC,207,36,16,155,74,133,0,0,194,13,101,93,0,0,2,11,196,11,149,58,14,12,2,31
WI-503,Madison/Dane County CoC,Other Largely Urban CoC,630,169,41,420,262,368,0,0,573,57,251,325,7,9,1,37,529,101,352,278,148,105,43,42
WV-500,"Wheeling, Weirton Area CoC",Largely Rural CoC,129,11,18,100,57,71,1,0,126,3,100,9,0,9,0,11,114,15,111,18,20,18,2,5
WV-501,"Huntington/Cabell, Wayne Counties CoC",Largely Rural CoC,194,17,14,163,70,124,0,0,189,5,146,41,0,0,1,6,148,46,166,28,4,3,1,15
WV-503,"Charleston/Kanawha, Putnam, Boone, Clay Counties CoC",Largely Suburban CoC,294,31,20,243,111,183,0,0,288,6,218,68,0,1,0,7,281,13,252,42,31,29,2,16
WV-508,West Virginia Balance of State CoC,Largely Rural CoC,724,63,63,598,284,440,0,0,708,16,633,63,3,1,2,22,521,203,627,97,119,61,58,68
WY-500,Wyoming Statewide CoC,Largely Rural CoC,612,143,92,377,268,344,0,0,536,76,510,38,0,39,3,22,489,123,427,185,81,24,57,51
,Total,,"580,466","106,364","45,243","428,859","223,578","352,211","3,161","1,460","450,107","130,348","280,612","228,796","7,638","18,935","8,794","35,680","354,386","226,080","408,891","171,575","120,323","43,871","76,452","37,252"
,,,,,,,,,,,,,,,,,,,,,,,,,,
"a MO-604 covers territory in both Missouri and Kansas. The record described in this file represents the CoC's total territory, the sum of the point-in-time estimates the CoC separately reported for the portions of its territory in MO and in KS. However, in the companion file, Point-in-Time Estimates by State, MO-604's data have been split up between MO and KS.",,,,,,,,,,,,,,,,,,,,,,,,,,
,,,,,,,,,,,,,,,,,,,,,,,,,,
